study_hours,completion_percentage,quiz_average,final_score
81.16,52.06,52.29,61.87
190.64,100.0,93.07,100.0
149.08,100.0,97.94,97.84
123.75,92.5,76.74,76.67
39.64,53.05,44.59,54.81
39.64,47.88,52.27,52.63
21.04,39.75,39.1,40.84
174.57,100.0,100.0,99.52
124.21,75.84,66.49,67.03
144.53,94.4,86.42,90.42
13.91,19.7,30.0,28.88
194.28,100.0,90.11,92.14
168.16,100.0,100.0,92.09
50.34,31.55,35.47,46.86
44.55,51.97,50.35,49.95
44.85,59.81,51.11,60.89
67.81,45.22,48.6,50.77
109.7,79.73,81.83,72.36
92.07,83.08,62.08,65.94
65.33,38.85,51.88,57.21
126.25,92.54,91.53,87.44
36.5,33.66,41.97,41.55
65.51,70.11,69.88,67.58
79.61,78.79,58.48,68.48
96.65,86.38,72.26,80.12
159.18,100.0,87.04,97.97
47.94,59.14,57.86,56.09
107.7,88.41,86.53,77.61
122.56,77.45,70.62,74.25
18.83,43.42,44.22,45.96
125.43,69.01,66.65,68.78
42.4,47.07,48.61,46.5
22.36,24.23,33.44,37.82
190.29,100.0,100.0,100.0
193.47,100.0,100.0,100.0
163.6,100.0,89.71,90.69
67.88,50.83,46.19,52.48
28.56,44.65,36.59,39.8
140.0,77.29,73.42,82.58
93.63,62.85,58.88,68.47
33.19,40.48,49.84,40.66
104.08,84.72,75.93,73.8
16.53,24.42,33.54,29.85
182.77,100.0,88.85,93.1
59.17,65.59,65.27,62.97
135.88,94.49,89.43,83.11
69.23,47.77,44.3,48.4
108.81,60.26,70.02,65.72
113.87,92.39,80.6,83.22
45.12,28.31,31.98,39.92
194.22,100.0,98.01,97.66
157.28,100.0,91.15,94.22
188.5,100.0,91.02,95.02
180.02,100.0,100.0,98.52
123.6,100.0,91.72,96.38
185.16,100.0,100.0,100.0
26.81,45.26,42.71,40.56
47.24,42.69,44.76,51.67
18.59,31.09,39.18,43.14
71.81,62.87,60.42,57.7
83.85,77.5,59.02,70.14
61.56,70.22,60.65,69.14
167.46,100.0,99.62,93.46
77.78,58.51,58.15,57.39
63.38,51.44,44.29,56.36
113.11,87.37,83.3,83.16
36.78,31.75,34.08,42.51
162.42,90.08,83.69,90.17
24.16,29.49,30.0,38.24
197.51,100.0,96.11,94.92
156.73,93.73,93.97,97.14
47.76,37.05,44.76,51.68
11.05,12.0,30.0,29.81
164.94,88.09,95.78,93.04
144.3,100.0,96.45,87.84
148.51,94.23,94.8,94.46
156.54,96.72,84.77,92.47
24.07,40.82,40.17,43.11
78.11,51.69,66.0,66.87
32.02,54.26,53.55,51.42
173.99,100.0,85.34,95.57
128.43,72.34,65.93,69.47
72.87,56.05,56.27,59.05
22.08,46.81,51.32,48.16
69.09,72.61,63.63,66.53
71.78,57.25,57.21,58.19
148.63,100.0,81.83,88.41
131.14,76.41,79.93,83.52
178.57,100.0,100.0,97.68
99.72,62.97,62.74,60.12
32.72,54.36,53.8,59.96
145.52,100.0,98.39,100.0
154.55,100.0,84.99,85.67
116.64,81.27,76.3,81.07
156.48,91.32,83.57,86.35
103.82,63.09,71.86,71.59
109.32,67.38,70.37,72.88
91.23,57.14,63.79,63.54
14.83,39.7,44.8,40.6
30.5,32.5,37.02,38.09
15.97,15.01,37.5,31.25
130.92,100.0,86.84,85.38
69.73,70.8,55.42,61.86
106.63,90.79,81.56,78.62
182.44,100.0,100.0,100.0
57.37,39.77,43.72,54.39
87.97,62.85,69.88,65.5
153.55,100.0,98.83,96.94
53.47,56.1,48.67,55.93
24.63,22.7,43.68,42.11
65.05,66.08,52.26,59.49
40.63,33.17,35.44,44.6
186.64,100.0,91.01,98.91
163.54,100.0,100.0,92.67
130.35,90.93,85.53,89.35
175.58,100.0,88.16,98.12
162.7,89.55,87.17,86.98
45.45,58.44,54.77,56.03
179.59,100.0,87.59,97.57
112.48,65.77,76.45,73.15
163.41,100.0,98.75,100.0
180.26,100.0,96.16,100.0
70.42,70.38,71.58,65.1
30.91,48.79,44.05,42.12
53.31,54.59,62.18,59.89
91.15,69.86,69.53,72.71
165.42,90.76,92.08,91.61
173.54,100.0,88.03,100.0
11.32,23.7,39.38,31.9
107.04,67.61,67.0,72.98
89.31,74.97,61.1,65.25
52.2,48.46,40.07,55.48
32.77,24.22,37.44,47.19
74.15,49.78,55.29,54.29
189.15,100.0,100.0,98.5
71.41,43.37,59.43,60.43
108.57,89.08,68.93,74.94
143.57,94.12,90.99,90.15
79.09,61.37,54.11,60.5
194.64,100.0,100.0,93.68
192.86,100.0,100.0,100.0
57.84,46.09,50.82,50.02
104.48,80.97,77.49,75.25
67.17,58.38,53.07,63.6
64.12,46.41,50.81,48.58
17.01,44.26,47.54,49.42
125.82,95.82,82.68,84.35
105.51,80.8,70.58,73.56
19.78,44.66,41.7,47.55
62.94,66.83,65.88,65.66
182.57,100.0,93.22,99.61
55.52,62.05,49.4,59.82
37.53,48.18,51.02,49.61
103.0,80.3,79.24,75.1
197.27,100.0,91.47,94.09
55.99,59.34,49.73,52.15
137.71,79.4,72.14,90.59
154.71,100.0,87.9,96.95
55.15,63.09,55.27,52.99
148.36,80.2,86.73,80.52
79.88,73.84,68.54,71.02
130.14,74.58,78.28,81.2
130.37,81.91,75.89,82.16
111.8,86.92,83.96,81.03
27.16,24.2,34.54,36.93
168.71,100.0,100.0,99.56
70.95,69.6,64.71,65.85
45.44,45.48,39.81,38.07
17.75,14.1,32.71,32.17
122.27,76.18,71.43,72.45
138.74,95.96,89.86,90.49
13.15,45.92,32.39,52.31
107.3,80.76,67.26,75.1
53.03,40.61,53.97,50.77
132.58,93.48,78.45,87.78
43.13,45.46,53.55,53.82
141.28,100.0,83.84,90.49
83.48,50.48,59.75,62.77
187.98,100.0,100.0,100.0
36.13,42.01,44.28,42.14
74.8,76.11,61.51,68.27
31.56,32.75,33.66,36.06
185.69,100.0,87.8,97.87
176.69,100.0,91.42,92.27
59.01,38.09,50.1,48.97
135.4,100.0,95.85,91.49
165.27,100.0,100.0,100.0
115.49,65.12,74.47,77.11
110.63,70.85,76.24,69.98
55.95,57.76,57.59,58.26
27.69,21.2,30.0,32.18
180.47,100.0,100.0,94.62
181.08,100.0,99.63,98.72
130.29,91.88,84.02,84.3
74.42,43.81,44.63,61.55
76.35,73.68,63.68,68.51
147.93,100.0,88.79,85.98
180.45,100.0,100.0,97.4
178.55,100.0,96.64,100.0
158.18,88.64,84.7,96.68
131.99,97.53,94.95,84.96
25.99,18.85,30.0,26.71
40.71,26.13,37.04,47.98
180.73,100.0,86.99,96.3
125.22,84.71,83.73,79.55
11.75,37.84,45.85,45.43
29.28,43.56,38.88,33.63
136.07,88.64,89.84,87.64
10.96,20.06,30.0,34.04
40.55,60.18,60.4,61.56
114.26,77.05,78.75,73.84
141.46,91.53,91.0,89.78
133.87,77.66,68.2,72.69
52.61,59.12,63.43,61.22
145.31,100.0,93.6,89.42
55.08,40.27,43.22,46.47
71.83,43.8,58.47,52.8
151.83,100.0,86.0,93.5
133.43,94.62,91.99,93.06
171.35,100.0,86.52,92.5
134.95,100.0,91.06,90.95
117.98,69.28,72.12,68.09
27.8,34.03,31.1,37.46
79.87,77.96,61.99,67.43
60.39,49.88,42.28,61.27
56.36,55.53,52.86,51.28
194.87,100.0,95.0,100.0
84.69,56.94,61.68,66.82
179.49,100.0,91.84,97.56
129.92,84.28,75.7,87.46
161.01,100.0,97.07,97.7
105.5,65.8,58.38,67.85
119.61,72.26,80.89,77.94
103.58,57.88,70.91,73.74
47.1,51.36,53.32,58.14
147.27,91.53,87.93,86.47
63.35,66.93,67.29,59.62
14.62,28.87,30.0,34.56
132.64,100.0,78.11,82.4
43.65,33.32,36.85,42.32
188.69,100.0,100.0,100.0
191.25,100.0,88.94,94.92
183.82,100.0,98.42,99.29
80.33,74.73,75.87,72.38
12.94,38.1,44.94,46.55
186.38,100.0,97.71,90.51
91.35,55.27,51.65,56.98
193.66,100.0,100.0,100.0
193.09,100.0,100.0,100.0
172.07,100.0,86.71,91.63
65.95,65.85,51.41,51.4
83.17,63.44,70.2,69.99
171.72,94.96,95.71,93.18
70.22,44.49,58.42,51.99
42.2,50.1,56.06,51.39
115.79,77.96,75.78,76.44
187.87,100.0,97.92,97.34
142.25,93.33,84.39,78.65
118.31,66.4,66.56,74.68
28.46,39.6,40.22,48.7
126.85,77.84,81.98,83.44
198.11,100.0,100.0,97.22
36.62,34.17,48.84,45.69
108.48,75.17,70.63,73.63
176.7,93.76,94.98,98.13
150.75,82.91,85.94,89.15
142.43,89.95,86.3,84.44
143.47,93.53,90.16,90.19
78.3,65.15,56.47,63.97
65.78,48.1,52.64,60.75
163.78,100.0,84.84,94.71
163.92,100.0,90.47,97.21
174.74,100.0,94.7,97.29
183.52,98.14,99.01,100.0
107.16,75.4,80.6,78.97
105.29,61.32,67.6,65.21
161.68,94.31,94.93,99.67
133.49,100.0,86.82,91.8
143.37,81.67,84.03,82.78
161.2,100.0,83.66,89.22
179.1,100.0,90.91,97.22
74.22,66.7,58.76,64.76
81.36,65.27,61.83,65.36
27.86,19.27,30.0,35.81
119.87,76.36,67.32,80.86
16.83,31.53,31.52,41.17
98.46,57.31,72.05,69.28
113.1,73.82,68.78,76.93
64.44,38.38,47.88,46.39
122.26,68.88,65.93,73.53
15.8,26.79,36.09,44.54
17.1,18.19,30.0,32.13
166.29,100.0,87.4,89.78
78.44,68.35,63.36,62.97
34.14,50.09,36.97,41.31
109.23,66.62,58.65,63.91
156.3,89.01,81.25,85.4
51.01,34.16,34.6,37.19
128.35,91.45,74.41,81.6
26.22,42.83,39.15,47.34
19.82,16.02,36.42,31.59
110.96,93.25,80.93,88.46
112.72,63.18,68.07,72.23
131.11,89.5,77.89,86.83
147.96,100.0,98.23,92.45
195.41,100.0,97.02,100.0
108.1,84.04,66.98,70.07
71.36,68.74,64.11,68.67
161.09,97.42,83.46,91.09
61.46,64.25,54.9,61.51
93.4,54.51,60.63,58.17
24.91,48.77,51.97,46.35
14.82,31.57,35.46,40.54
192.9,100.0,100.0,97.35
168.84,100.0,100.0,100.0
142.24,98.64,80.53,81.86
87.7,67.27,59.94,68.51
42.93,52.07,47.3,46.21
39.72,27.72,37.47,43.14
57.55,35.89,44.08,50.13
114.35,70.83,79.35,73.8
145.77,83.47,86.82,88.68
135.44,100.0,89.25,91.21
63.19,44.27,46.53,49.18
191.42,100.0,100.0,96.94
150.2,91.89,95.9,84.59
115.33,69.04,77.1,76.8
126.23,95.75,73.58,75.79
89.72,72.92,69.84,70.92
57.07,50.97,42.83,49.81
77.63,63.26,55.98,64.12
153.99,100.0,81.99,88.43
12.73,19.36,32.37,32.35
32.05,55.9,52.5,55.7
18.74,48.49,35.43,44.18
17.74,36.63,35.88,41.18
172.54,98.25,92.93,97.46
143.69,100.0,86.12,83.83
100.09,57.57,55.47,65.51
28.59,20.37,32.24,38.22
103.41,65.72,71.99,67.13
99.96,71.17,59.88,66.57
42.91,56.84,42.92,50.51
92.43,76.67,66.25,69.89
85.72,73.85,75.52,73.78
127.01,83.4,82.13,88.03
130.67,82.44,82.68,87.04
18.61,27.29,31.88,30.92
81.18,80.16,70.17,73.93
128.91,70.86,64.33,77.95
105.6,88.14,79.1,81.31
172.73,100.0,100.0,100.0
135.15,87.93,84.45,93.34
40.96,50.86,56.01,58.01
23.41,33.74,42.66,43.45
132.06,100.0,78.82,89.98
15.04,44.04,48.67,46.89
121.3,80.41,67.75,75.5
188.64,100.0,98.41,98.63
119.34,85.4,70.87,83.86
83.75,78.81,58.51,63.71
132.22,78.49,76.28,85.6
97.07,75.34,65.45,72.35
113.67,83.94,76.03,72.92
188.88,100.0,99.32,100.0
83.36,51.28,48.06,47.69
192.63,100.0,90.99,100.0
182.02,100.0,97.58,100.0
47.2,34.89,40.26,42.32
23.18,24.9,39.18,39.39
29.15,53.57,50.3,58.82
13.46,18.07,36.83,33.1
27.94,48.88,48.99,44.95
139.77,92.12,83.4,92.42
23.53,25.42,38.33,46.59
70.61,70.78,57.94,63.2
170.53,100.0,90.23,98.8
14.42,30.23,40.76,45.14
164.75,99.95,91.86,91.69
63.55,57.53,61.69,58.51
32.45,26.95,43.72,47.17
142.38,89.88,91.58,96.09
129.5,100.0,94.23,93.6
176.72,100.0,93.96,93.39
149.66,100.0,86.31,98.71
162.66,97.71,93.26,92.26
63.59,63.86,55.69,58.42
43.71,31.44,43.34,45.94
152.62,100.0,94.64,100.0
163.3,100.0,96.43,99.65
198.2,100.0,97.13,100.0
88.4,51.77,51.73,60.06
80.68,51.28,55.26,58.68
157.52,100.0,84.36,93.19
74.75,54.17,64.42,51.87
186.84,100.0,94.29,97.06
173.1,100.0,87.71,95.07
91.51,59.46,52.59,56.23
152.67,100.0,93.45,95.38
153.36,100.0,93.41,93.08
29.59,25.64,32.99,44.52
181.49,100.0,87.73,100.0
106.0,59.28,63.11,64.66
167.03,100.0,89.63,93.5
70.81,63.64,63.16,63.11
180.15,100.0,98.15,97.11
83.95,76.52,64.69,69.57
12.06,39.23,32.46,35.56
182.02,100.0,100.0,95.32
27.34,49.06,44.17,49.82
70.67,47.54,56.92,59.51
190.51,100.0,90.91,94.19
190.62,100.0,97.83,100.0
118.95,66.47,60.93,66.52
130.05,88.62,81.57,84.77
95.2,85.38,82.47,82.39
65.71,39.23,46.52,50.24
72.45,45.5,43.47,53.4
137.78,89.72,74.06,80.04
152.95,100.0,88.35,91.14
160.4,96.27,83.79,89.33
160.03,100.0,82.47,87.56
27.33,20.12,38.64,37.28
103.94,62.16,64.82,61.45
20.94,50.0,39.97,43.24
114.41,95.98,89.28,85.51
93.89,52.12,51.95,58.01
178.66,100.0,100.0,98.47
76.67,65.71,57.9,62.38
32.24,51.5,54.82,54.49
37.17,39.5,45.29,50.04
154.69,100.0,97.47,93.0
127.46,85.84,89.51,80.96
29.21,42.95,38.79,39.81
25.98,22.88,43.57,38.44
143.18,77.64,77.48,79.63
23.82,27.69,33.55,34.45
166.15,100.0,90.04,88.97
144.19,84.16,83.33,83.18
25.46,41.3,34.69,42.29
26.12,52.01,47.1,51.41
197.46,100.0,100.0,99.47
81.11,69.1,69.1,66.61
80.42,60.74,67.05,61.61
164.43,100.0,91.7,94.45
189.98,100.0,94.04,95.14
197.34,100.0,94.65,100.0
153.14,100.0,84.52,83.35
81.49,78.81,58.97,65.45
25.87,41.85,38.76,44.5
157.66,100.0,86.94,92.69
116.1,84.67,86.42,93.71
90.6,80.71,71.56,74.64
182.21,100.0,93.39,93.34
31.13,21.63,36.49,37.62
103.6,89.38,69.26,68.99
12.16,35.21,35.4,38.39
99.05,78.2,73.61,71.08
20.7,22.9,33.08,39.44
32.58,44.35,42.29,43.87
32.33,34.95,50.32,46.27
133.35,94.47,92.06,87.06
151.75,84.61,86.66,94.25
120.84,88.44,80.93,81.08
192.81,100.0,100.0,100.0
81.23,47.3,49.19,58.52
64.29,71.34,59.3,65.01
175.03,100.0,85.8,95.08
52.48,61.72,54.69,59.09
193.01,100.0,99.46,93.25
12.31,31.0,30.0,34.51
194.28,100.0,100.0,100.0
18.2,44.85,49.77,47.11
179.32,100.0,100.0,93.9
110.26,71.58,71.35,73.03
198.66,100.0,100.0,100.0
24.02,45.29,35.53,47.69
115.23,89.3,84.58,83.04
194.17,100.0,91.33,100.0
109.39,74.94,77.74,74.94
129.59,98.42,80.8,79.04
142.19,80.3,88.1,81.92
96.36,72.24,77.05,80.15
129.24,69.82,66.75,72.23
121.02,76.87,74.21,75.96
181.22,100.0,100.0,98.55
18.63,28.18,34.67,45.07
63.38,61.03,64.36,68.83
190.58,100.0,99.89,100.0
179.15,100.0,93.34,96.33
96.57,61.6,59.67,65.85
127.83,81.98,72.42,72.29
62.7,44.31,55.5,60.6
45.74,30.43,39.05,38.27
98.1,75.17,69.91,73.0
77.14,66.96,62.06,60.19
120.89,87.13,80.58,79.55
24.77,33.61,45.71,40.39
195.14,100.0,100.0,98.98
197.38,100.0,97.63,98.63
142.65,94.49,92.88,88.84
111.86,77.7,78.74,81.1
68.81,40.3,51.35,48.43
164.62,99.25,100.0,98.45
140.1,88.36,77.37,88.17
40.9,39.41,36.13,41.44
183.08,100.0,100.0,97.1
166.28,100.0,92.04,94.01
190.46,100.0,100.0,100.0
147.89,100.0,97.44,95.55
126.55,96.73,75.25,80.84
89.47,74.87,75.51,75.08
187.22,100.0,96.41,94.69
174.55,92.91,92.28,96.97
18.59,21.15,34.71,37.34
15.01,12.77,36.64,32.68
81.53,68.43,54.06,59.08
164.01,100.0,92.34,91.22
197.58,100.0,100.0,100.0
38.58,56.74,54.86,59.58
122.88,68.55,75.85,73.16
82.37,78.89,60.72,69.51
194.28,100.0,94.84,91.01
170.0,93.55,88.6,90.12
169.28,100.0,99.95,98.17
99.05,63.51,60.79,62.23
88.82,59.38,55.73,57.93
61.95,46.73,60.23,54.33
20.71,43.46,31.7,41.57
174.3,100.0,100.0,98.17
164.45,98.12,95.68,86.67
199.95,100.0,100.0,93.51
199.36,100.0,95.76,97.89
115.53,72.31,62.32,72.45
156.11,97.53,94.99,83.22
189.51,100.0,100.0,98.74
171.43,97.06,97.92,94.94
57.0,57.34,47.19,59.66
95.6,59.15,67.85,65.5
34.54,40.65,48.55,49.29
191.27,100.0,100.0,100.0
125.17,71.33,78.89,69.31
53.44,51.58,58.24,59.51
137.62,82.79,82.91,84.58
127.44,100.0,77.26,86.69
78.05,60.95,59.74,78.01
31.58,49.0,37.47,36.94
137.6,93.06,82.89,93.17
108.86,60.95,64.29,66.58
156.74,100.0,82.67,91.37
108.83,92.71,75.83,79.87
171.91,100.0,86.6,91.84
114.86,91.1,85.58,81.8
116.58,94.24,89.96,88.05
176.56,100.0,86.76,88.09
86.66,55.75,68.74,68.46
35.46,44.12,45.19,45.79
15.47,27.12,30.0,30.52
153.48,100.0,82.23,87.87
127.86,100.0,85.58,92.89
143.78,89.26,90.35,86.76
50.46,38.52,49.64,50.98
35.91,50.27,38.3,43.51
12.76,21.0,30.0,36.21
76.61,72.1,62.22,68.6
122.08,80.87,72.67,84.88
84.53,70.63,59.8,64.82
93.12,54.9,56.21,63.93
181.79,100.0,100.0,100.0
76.17,58.9,67.38,69.65
107.66,79.36,71.38,72.01
158.89,90.33,96.03,96.12
85.34,73.46,62.88,66.72
128.2,99.3,84.89,87.21
173.85,99.51,89.09,94.96
190.41,100.0,100.0,100.0
37.94,24.8,47.09,43.18
186.05,100.0,99.28,100.0
103.5,78.0,69.06,79.47
59.07,53.67,56.24,60.82
97.24,61.74,56.6,67.09
196.21,100.0,100.0,99.72
103.6,77.61,71.82,70.57
72.46,58.62,56.93,63.8
130.35,100.0,87.79,92.5
55.63,37.59,48.66,55.45
24.41,41.54,32.93,38.41
34.49,36.39,45.11,44.46
34.33,37.15,36.56,35.74
38.86,49.55,51.87,50.19
36.38,47.42,52.7,55.23
131.77,100.0,92.43,89.07
44.56,31.77,42.67,47.07
75.68,46.48,54.13,55.51
180.39,100.0,88.94,96.74
100.05,75.27,75.63,69.97
136.84,83.01,76.0,81.39
42.74,29.15,40.14,30.71
46.53,31.27,37.5,41.9
17.77,45.18,34.3,34.94
42.1,32.76,44.12,49.83
62.93,47.78,42.79,53.87
43.63,34.75,47.6,48.88
26.85,30.85,34.06,44.96
32.92,23.89,30.0,32.53
97.55,71.94,68.51,77.71
49.2,31.97,33.56,45.38
79.21,72.62,60.41,64.67
105.65,66.0,71.67,75.96
141.18,94.49,77.28,80.51
17.47,44.54,48.1,43.21
161.89,100.0,82.45,88.32
129.3,88.3,76.12,79.4
25.53,29.12,41.57,36.92
175.98,100.0,91.52,100.0
184.97,100.0,89.03,94.99
21.6,50.6,41.76,47.52
62.61,59.47,51.72,54.75
163.18,100.0,99.49,90.11
152.17,100.0,86.7,92.29
45.06,43.81,52.32,43.59
49.78,31.99,50.59,47.92
80.39,64.88,60.7,58.46
102.06,89.55,84.43,89.67
127.47,74.87,72.99,80.39
80.09,69.2,72.98,70.07
97.88,60.97,55.75,68.23
152.02,99.76,94.05,90.54
16.97,16.87,30.02,34.83
57.96,49.74,49.24,53.9
145.54,100.0,91.76,93.39
180.09,100.0,100.0,100.0
107.22,81.88,64.28,75.69
111.1,88.39,70.92,78.53
30.36,52.63,51.39,44.71
95.01,60.72,66.62,63.05
111.2,74.57,81.39,77.42
56.07,38.37,51.78,51.37
61.16,70.32,69.37,61.76
81.68,78.29,71.7,81.27
13.81,30.81,31.05,42.22
71.2,70.07,54.37,64.13
50.18,48.32,55.0,54.29
72.22,62.94,62.5,62.3
32.75,24.5,30.0,32.65
179.2,100.0,93.04,97.17
122.78,70.86,82.04,79.65
139.03,100.0,87.81,85.09
159.94,100.0,90.64,94.97
104.7,82.16,72.96,75.21
26.51,19.52,30.0,26.83
112.05,71.63,68.44,68.92
121.5,74.96,71.68,73.9
151.63,93.42,78.74,94.02
92.02,54.08,65.38,66.63
34.24,54.91,47.14,45.41
63.92,56.34,61.76,62.17
78.99,55.19,64.88,56.74
132.72,85.26,74.89,85.03
118.45,79.88,78.79,77.24
77.66,64.85,60.92,63.31
197.44,100.0,100.0,100.0
125.1,99.73,79.23,79.9
55.07,49.93,54.54,49.23
29.34,54.39,49.78,48.7
39.04,54.32,45.44,54.69
56.73,40.66,40.34,41.23
40.53,57.84,54.27,43.62
45.45,31.8,46.58,44.3
64.17,65.69,55.42,62.39
42.94,39.79,47.4,52.91
180.39,100.0,93.98,95.51
25.24,48.0,48.51,46.82
109.66,88.04,71.13,81.81
87.98,76.64,76.05,66.14
196.65,100.0,95.08,98.17
31.29,23.48,33.0,37.93
85.59,61.9,53.04,62.7
194.2,100.0,91.07,95.87
174.45,100.0,95.21,97.25
165.24,99.74,88.29,83.36
59.0,68.65,65.97,61.68
42.47,48.67,38.25,48.61
137.04,100.0,84.99,84.81
186.58,100.0,94.06,98.37
115.78,93.06,70.77,80.84
118.61,96.6,74.85,80.45
63.2,53.65,52.37,56.58
156.2,100.0,91.1,89.51
45.54,54.54,49.01,51.9
71.5,46.87,53.67,58.13
90.83,68.01,67.27,69.09
106.45,72.18,60.36,66.41
56.06,38.15,45.75,49.55
31.82,33.77,49.14,48.79
126.02,70.39,73.74,67.54
64.84,38.32,51.85,56.7
120.44,69.95,68.3,71.55
39.33,58.37,56.7,57.56
101.42,74.94,75.72,79.47
111.19,94.4,80.42,77.02
19.85,30.06,45.51,39.35
73.95,52.89,48.46,54.36
35.54,40.48,33.64,39.03
22.04,31.4,42.37,48.54
198.09,100.0,100.0,98.34
71.25,63.05,51.87,56.8
163.88,94.5,85.89,91.74
58.38,55.88,44.38,48.03
139.49,97.5,82.76,85.98
154.44,87.54,91.37,91.41
123.17,68.73,72.49,73.18
99.6,82.13,69.73,73.61
88.25,65.22,61.17,63.02
76.28,45.18,43.36,45.87
186.61,100.0,93.32,99.14
167.82,90.93,92.87,100.0
193.36,100.0,100.0,100.0
33.62,56.24,56.16,55.33
148.86,87.8,75.37,86.22
188.28,100.0,100.0,95.52
44.43,31.47,47.14,52.92
22.63,26.93,40.91,40.8
150.81,83.94,82.9,92.11
119.15,88.8,77.31,77.94
169.95,92.15,86.91,98.73
36.56,41.11,35.07,46.09
161.1,100.0,86.78,94.52
48.31,57.64,47.65,54.25
41.09,47.08,46.73,48.47
41.21,36.32,47.72,51.96
164.77,100.0,92.43,95.46
136.39,91.64,75.09,74.94
109.38,74.6,80.87,73.04
78.18,48.66,63.96,60.11
176.67,100.0,100.0,100.0
84.56,63.02,71.95,68.02
165.15,94.39,91.68,98.13
93.44,64.59,73.78,62.59
81.62,60.3,51.96,60.19
97.91,82.92,70.06,66.83
67.26,64.31,53.68,62.59
152.05,100.0,84.33,89.91
105.52,58.14,57.18,65.6
54.12,46.63,51.92,49.43
180.92,100.0,100.0,100.0
82.94,47.14,57.01,62.57
113.28,70.73,63.89,72.89
182.23,100.0,100.0,99.35
128.61,74.1,78.08,80.95
32.21,39.84,40.14,41.25
188.57,100.0,100.0,100.0
129.26,70.06,69.07,80.87
73.63,50.26,51.73,60.34
36.46,57.39,58.6,53.07
160.86,100.0,87.98,94.18
127.81,100.0,84.96,82.45
111.36,77.75,81.18,80.94
179.84,98.76,99.63,100.0
159.83,100.0,83.21,83.32
38.82,40.31,36.83,39.09
69.23,69.17,51.67,59.1
57.21,37.04,48.88,48.5
151.35,97.76,88.33,86.33
16.37,18.44,30.0,34.53
118.28,75.5,83.02,80.62
154.87,100.0,91.57,92.6
176.59,100.0,90.15,92.43
75.0,55.65,57.27,63.87
166.04,100.0,96.8,100.0
31.02,36.59,32.37,38.23
170.83,100.0,89.66,92.12
34.22,53.33,54.32,55.05
85.48,81.18,68.76,70.25
161.49,100.0,93.23,94.25
38.48,35.28,40.47,46.77
53.56,55.86,43.93,44.45
147.23,93.93,80.33,91.95
146.81,87.32,83.2,86.35
131.82,100.0,80.55,84.78
141.85,77.27,70.28,77.69
113.12,93.12,86.74,84.67
57.84,50.07,61.22,50.8
75.68,65.14,67.06,71.83
44.5,50.33,56.11,54.41
182.61,100.0,91.36,98.4
120.84,87.71,88.46,88.85
86.16,69.57,59.0,61.07
97.78,56.22,71.07,69.69
189.98,100.0,100.0,99.73
39.14,29.82,43.99,47.26
121.38,91.5,90.5,78.32
106.12,75.99,73.01,74.08
126.18,91.9,77.18,80.03
13.44,13.18,30.0,33.04
175.7,95.82,95.34,98.15
187.1,100.0,88.88,93.4
117.38,66.21,72.41,70.3
142.36,78.68,89.57,85.35
185.27,98.06,90.08,92.39
144.38,100.0,94.73,96.69
38.98,50.3,56.08,52.09
119.49,77.11,83.62,68.76
125.28,78.02,85.46,80.51
90.58,62.53,63.56,61.5
149.92,100.0,99.53,89.29
187.53,100.0,100.0,95.55
185.86,100.0,90.41,97.09
95.66,58.92,62.24,70.18
31.52,24.2,40.35,41.42
197.12,100.0,94.37,97.09
169.39,100.0,96.69,98.89
33.69,31.12,42.52,41.14
184.96,98.21,89.53,92.99
175.28,95.52,94.56,91.23
108.58,93.16,84.41,76.39
122.34,76.51,75.05,75.77
85.81,74.83,57.34,66.42
20.4,37.07,30.0,37.73
73.69,55.21,53.96,56.49
162.54,93.47,98.42,91.49
10.88,14.69,30.0,33.81
73.36,63.21,62.64,58.14
85.65,74.94,61.55,70.5
112.11,83.59,72.29,72.81
184.77,100.0,100.0,97.16
75.81,44.37,57.49,51.17
75.92,76.86,57.84,63.3
150.13,100.0,88.6,95.58
95.92,63.21,55.05,65.3
52.67,65.64,56.41,63.08
95.96,74.05,72.06,74.5
36.76,43.77,37.23,40.09
43.51,52.94,45.66,49.48
104.69,85.76,73.2,73.7
89.6,72.77,75.42,77.93
183.82,100.0,100.0,95.27
78.85,56.27,49.18,60.79
120.31,97.64,88.34,90.99
130.13,77.93,74.63,85.78
12.49,24.27,30.05,32.35
136.07,88.16,87.56,89.49
43.83,42.29,54.05,60.5
192.6,100.0,100.0,98.64
38.25,57.13,52.04,47.51
88.78,57.81,58.02,54.64
26.22,22.36,39.94,41.76
199.41,100.0,94.9,92.46
105.42,88.75,77.87,77.94
123.12,89.16,77.46,83.25
22.74,26.38,38.23,39.59
152.49,100.0,85.31,92.42
49.88,60.09,47.84,55.08
180.63,100.0,100.0,100.0
48.98,61.65,46.49,50.15
46.23,36.94,44.14,43.85
16.94,39.9,33.77,36.75
99.69,70.97,59.1,70.48
117.32,93.13,71.44,83.11
22.48,41.74,34.7,43.12
157.35,100.0,98.81,100.0
96.12,76.03,65.29,65.64
109.63,66.03,77.35,80.72
93.74,70.95,68.76,76.21
86.14,82.54,68.98,75.12
116.33,95.97,83.26,91.72
39.5,26.26,38.74,34.4
44.57,33.05,47.31,44.49
173.74,96.48,88.99,90.84
189.76,100.0,95.01,100.0
80.93,74.09,73.7,67.04
61.44,43.19,58.49,58.43
132.36,88.88,89.88,92.74
87.66,78.25,67.22,73.41
14.82,38.06,43.8,44.07
39.67,43.81,44.99,43.86
146.03,98.68,88.63,87.49
135.2,90.39,77.29,88.19
15.15,22.99,34.05,38.62
52.17,50.86,44.5,50.73
53.9,56.06,49.84,52.75
137.66,100.0,94.63,84.38
13.75,34.14,30.55,32.51
29.78,46.53,35.99,51.53
161.98,91.59,80.41,82.77
43.92,43.12,54.85,52.65
134.02,72.34,75.88,82.03
55.25,41.26,45.74,44.31
28.89,44.87,49.95,49.4
56.2,67.81,65.08,67.18
147.23,82.09,78.92,83.23
172.58,100.0,98.39,100.0
167.74,100.0,98.97,91.06
85.46,54.87,62.14,66.82
136.94,92.9,77.58,83.44
48.95,55.13,59.36,60.3
65.7,59.41,57.68,61.42
180.3,100.0,91.71,93.55
12.47,23.67,30.47,34.91
26.25,45.56,34.22,35.11
49.5,49.15,42.12,51.64
15.04,12.7,33.4,33.87
44.47,53.87,40.44,51.73
120.78,66.62,69.14,76.65
90.07,76.14,68.92,72.5
179.61,100.0,87.01,95.21
165.31,100.0,100.0,94.31
74.95,55.35,51.65,54.61
59.29,46.09,46.38,56.01
82.14,51.28,53.02,63.57
122.16,76.77,69.75,74.4
60.93,66.15,48.68,57.53
128.59,100.0,90.3,86.13
87.79,61.78,71.61,72.88
114.89,78.15,68.72,77.1
92.86,76.7,72.52,80.64
65.95,68.99,65.62,61.59
190.21,100.0,100.0,99.31
155.09,96.25,87.97,92.03
36.62,37.75,38.48,46.04
175.01,100.0,91.51,94.91
102.61,56.42,67.34,63.52
179.96,100.0,100.0,100.0
161.97,98.43,85.4,94.38
90.79,78.19,66.85,67.18
14.27,15.39,37.05,40.06
61.05,56.11,60.79,64.13
112.91,78.29,83.59,80.42
130.36,92.66,88.22,87.65
59.0,36.77,44.37,50.35
36.48,43.54,46.52,44.49
168.64,100.0,96.95,97.2
197.04,100.0,90.98,89.61
109.88,81.06,75.29,80.57
42.62,49.99,52.7,46.39
61.74,64.04,51.31,63.93
13.49,21.19,36.79,34.58
183.72,100.0,98.42,98.6
32.37,38.63,50.97,45.4
119.54,67.47,61.74,68.52
62.07,38.08,42.95,53.97
115.29,74.35,74.83,65.9
133.77,99.36,82.43,92.32
167.65,100.0,97.82,98.64
49.22,57.21,57.91,52.39
12.09,29.15,30.0,30.84
36.01,38.41,42.84,51.91
181.0,100.0,96.38,94.56
176.04,100.0,92.59,91.7
123.51,81.94,86.14,87.59
124.1,70.15,79.43,78.97
136.36,80.9,83.58,79.59
43.32,47.6,51.99,52.72
183.74,100.0,95.98,94.42
89.57,84.73,80.22,81.82
82.8,79.06,72.07,76.33
108.59,81.79,79.01,80.63
18.92,29.21,42.7,42.25
41.59,48.06,43.03,55.4
150.23,100.0,96.19,94.58
25.73,22.01,30.0,30.26
124.6,81.65,74.49,80.47
56.62,62.7,53.12,66.0
83.97,60.42,70.53,62.92
64.85,57.44,63.08,59.67
77.58,64.36,65.28,66.87
146.62,84.77,87.77,86.92
66.45,50.9,54.89,52.63
117.62,75.52,82.67,83.9
100.45,56.14,62.47,74.11
136.1,73.9,74.39,78.86
188.0,100.0,90.86,93.47
149.19,89.15,91.22,83.66
50.84,48.55,54.28,54.9
15.92,23.42,30.24,38.67
59.83,67.84,49.61,59.89
123.06,75.61,81.64,79.68
19.77,29.92,30.0,33.9
104.31,87.7,80.02,75.48
123.4,96.17,92.55,92.36
73.51,48.27,52.76,59.59
156.47,100.0,85.99,85.27
30.25,36.16,44.61,50.98
24.28,34.04,44.81,45.75
148.36,83.85,84.14,91.34
104.14,59.89,74.13,65.27
140.8,100.0,79.19,81.53
92.62,68.68,66.09,67.8
56.82,48.7,55.21,56.98
165.63,100.0,100.0,100.0
161.89,100.0,85.96,94.92
141.99,81.56,87.02,84.53
61.71,57.21,56.28,53.99
122.14,70.81,70.68,79.14
78.59,70.59,56.59,59.72
27.4,41.69,49.46,54.02
184.29,100.0,90.0,95.18
36.0,25.41,33.56,44.79
190.55,100.0,93.91,100.0
94.74,62.25,71.28,68.47
